CYANO,NDVI,NDWI,date,lake,lat,lon,CYANO_pred,point,label,doy_sin,doy_cos,month,woy_sin,woy_cos,is_rainy_season,CYANO_pred_lag1,CYANO_pred_lag2,CYANO_pred_lag3,NDVI_lag1,NDVI_lag2,NDVI_lag3,NDWI_lag1,NDWI_lag2,NDWI_lag3,CYANO_pred_roll2,CYANO_pred_roll2_std,CYANO_pred_roll3,CYANO_pred_roll3_std,NDVI_roll2,NDVI_roll2_std,NDVI_roll3,NDVI_roll3_std,NDWI_roll2,NDWI_roll2_std,NDWI_roll3,NDWI_roll3_std
5.076204299926758,0.16083917021751404,-0.2184257209300995,2025-02-10,Amatitlan,14.464,-90.578,4.550082206726074,AM_P1,0,0.6482618097757122,0.7614175109532997,2,0.7485107481711011,0.6631226582407953,0,,,,,,,,,,4.550082206726074,,4.550082206726074,,0.16083917021751404,,0.16083917021751404,,-0.2184257209300995,,-0.2184257209300995,
5.076204299926758,0.16083917021751404,-0.2184257209300995,2025-03-02,Amatitlan,14.464,-90.578,4.410568714141846,AM_P1,0,0.8670985522812081,0.4981366284784055,3,0.8854560256532099,0.4647231720437686,0,4.550082206726074,,,0.16083917021751404,,,-0.2184257209300995,,,4.48032546043396,0.0986509366733271,4.48032546043396,0.0986509366733271,0.16083917021751404,0.0,0.16083917021751404,0.0,-0.2184257209300995,0.0,-0.2184257209300995,0.0
5.076204299926758,0.16083917021751404,-0.2184257209300995,2025-03-22,Amatitlan,14.464,-90.578,4.733407974243164,AM_P1,0,0.984305844499033,0.17647097349152166,3,0.992708874098054,0.120536680255323,0,4.410568714141846,4.550082206726074,,0.16083917021751404,0.16083917021751404,,-0.2184257209300995,-0.2184257209300995,,4.571988344192505,0.2282818300508898,4.564686298370361,0.16191434953473927,0.16083917021751404,0.0,0.16083917021751404,0.0,-0.2184257209300995,0.0,-0.2184257209300995,0.0
5.076204299926758,0.16083917021751404,-0.2184257209300995,2025-03-26,Amatitlan,14.464,-90.578,4.63473653793335,AM_P1,0,0.9941098647022418,0.10837701279187609,3,1.0,-1.6081226496766366e-16,0,4.733407974243164,4.410568714141846,4.550082206726074,0.16083917021751404,0.16083917021751404,0.16083917021751404,-0.2184257209300995,-0.2184257209300995,-0.2184257209300995,4.684072256088257,0.06977124172408633,4.592904408772786,0.16543500910711495,0.16083917021751404,0.0,0.16083917021751404,0.0,-0.2184257209300995,0.0,-0.2184257209300995,0.0
5.076204299926758,0.16083917021751404,-0.2184257209300995,2025-04-15,Amatitlan,14.464,-90.578,4.436566352844238,AM_P1,0,0.9724075561219968,-0.23328854407545518,4,0.9350162426854148,-0.35460488704253545,0,4.63473653793335,4.733407974243164,4.410568714141846,0.16083917021751404,0.16083917021751404,0.16083917021751404,-0.2184257209300995,-0.2184257209300995,-0.2184257209300995,4.535651445388794,0.14012748170550388,4.601570288340251,0.15117452540934165,0.16083917021751404,0.0,0.16083917021751404,0.0,-0.2184257209300995,0.0,-0.2184257209300995,0.0
5.076204299926758,0.16083917021751404,-0.2184257209300995,2025-04-16,Amatitlan,14.464,-90.578,5.076204299926758,AM_P1,0,0.9682507501166718,-0.2499809690726521,4,0.9350162426854148,-0.35460488704253545,0,4.436566352844238,4.63473653793335,4.733407974243164,0.16083917021751404,0.16083917021751404,0.16083917021751404,-0.2184257209300995,-0.2184257209300995,-0.2184257209300995,4.756385326385498,0.4522923298862916,4.715835730234782,0.3274400480713127,0.16083917021751404,0.0,0.16083917021751404,0.0,-0.2184257209300995,0.0,-0.2184257209300995,0.0
4.754456043243408,0.19013747572898865,-0.22439023852348328,2025-04-28,Amatitlan,14.464,-90.578,4.994109153747559,AM_P1,0,0.8964562582905575,-0.44313223418263453,4,0.8229838658936565,-0.5680647467311557,0,5.076204299926758,4.436566352844238,4.63473653793335,0.16083917021751404,0.16083917021751404,0.16083917021751404,-0.2184257209300995,-0.2184257209300995,-0.2184257209300995,5.035156726837158,0.058050034565812654,4.835626602172852,0.3480254519459852,0.17548832297325134,0.020717030504438894,0.17060527205467224,0.01691538457384976,-0.22140797972679138,0.004217550836788144,-0.22041389346122742,0.0034436158381263896
4.423858642578125,0.17998608946800232,-0.12153235822916031,2025-05-03,Amatitlan,14.464,-90.578,4.754456043243408,AM_P1,0,0.8550745085896932,-0.518505144391157,5,0.8229838658936565,-0.5680647467311557,1,4.994109153747559,5.076204299926758,4.436566352844238,0.19013747572898865,0.16083917021751404,0.16083917021751404,-0.22439023852348328,-0.2184257209300995,-0.2184257209300995,4.874282598495483,0.16946033956993375,4.941589832305908,0.16718012595165796,0.18506178259849548,0.007178114063587385,0.17698757847150168,0.01487753264516759,-0.1729612983763218,0.07273150465458993,-0.18811610589424768,0.05774028452801794
4.835987091064453,0.17365266382694244,-0.22563834488391876,2025-05-13,Amatitlan,14.464,-90.578,4.423858642578125,AM_P1,0,0.753697664392914,-0.6572212950663319,5,0.6631226582407952,-0.7485107481711012,1,4.754456043243408,4.994109153747559,5.076204299926758,0.17998608946800232,0.19013747572898865,0.16083917021751404,-0.12153235822916031,-0.22439023852348328,-0.2184257209300995,4.589157342910767,0.2337676638530678,4.724141279856364,0.286331364037647,0.17681937664747238,0.004478408218934195,0.1812587430079778,0.0083157676215771,-0.17358535155653954,0.07361404912569593,-0.19052031387885413,0.05974858124604156
4.835987091064453,0.17365266382694244,-0.22563834488391876,2025-05-28,Amatitlan,14.464,-90.578,4.835987091064453,AM_P1,0,0.5610336262283677,-0.8277930117131022,5,0.46472317204376906,-0.8854560256532096,1,4.423858642578125,4.754456043243408,4.994109153747559,0.17365266382694244,0.17998608946800232,0.19013747572898865,-0.22563834488391876,-0.12153235822916031,-0.22439023852348328,4.629922866821289,0.29141882064457336,4.671433925628662,0.21824749373787708,0.17365266382694244,0.0,0.17576380570729574,0.0036566049987583954,-0.22563834488391876,0.0,-0.1909363493323326,0.06010561941937638
12.056004524230957,0.036659855395555496,0.16488924622535706,2025-02-10,Amatitlan,14.468,-90.582,27.59539794921875,AM_P2,0,0.6482618097757122,0.7614175109532997,2,0.7485107481711011,0.6631226582407953,0,,,,,,,,,,27.59539794921875,,27.59539794921875,,0.036659855395555496,,0.036659855395555496,,0.16488924622535706,,0.16488924622535706,
12.056004524230957,0.036659855395555496,0.16488924622535706,2025-03-07,Amatitlan,14.468,-90.582,72.0407485961914,AM_P2,0,0.9066860720977985,0.4218060770826634,3,0.9350162426854148,0.35460488704253557,0,27.59539794921875,,,0.036659855395555496,,,0.16488924622535706,,,49.81807327270508,31.42760883468827,49.81807327270508,31.42760883468827,0.036659855395555496,0.0,0.036659855395555496,0.0,0.16488924622535706,0.0,0.16488924622535706,0.0
12.056004524230957,0.036659855395555496,0.16488924622535706,2025-03-22,Amatitlan,14.468,-90.582,10.298368453979492,AM_P2,0,0.984305844499033,0.17647097349152166,3,0.992708874098054,0.120536680255323,0,72.0407485961914,27.59539794921875,,0.036659855395555496,0.036659855395555496,,0.16488924622535706,0.16488924622535706,,41.16955852508545,43.65845568515568,36.64483833312988,31.85042628997016,0.036659855395555496,0.0,0.036659855395555496,0.0,0.16488924622535706,0.0,0.16488924622535706,0.0
12.056004524230957,0.036659855395555496,0.16488924622535706,2025-03-26,Amatitlan,14.468,-90.582,115.94549560546875,AM_P2,0,0.9941098647022418,0.10837701279187609,3,1.0,-1.6081226496766366e-16,0,10.298368453979492,72.0407485961914,27.59539794921875,0.036659855395555496,0.036659855395555496,0.036659855395555496,0.16488924622535706,0.16488924622535706,0.16488924622535706,63.12193202972412,74.70380002169547,66.09487088521321,53.07394808336916,0.036659855395555496,0.0,0.036659855395555496,0.0,0.16488924622535706,0.0,0.16488924622535706,0.0
12.056004524230957,0.036659855395555496,0.16488924622535706,2025-04-15,Amatitlan,14.468,-90.582,7.695530891418457,AM_P2,1,0.9724075561219968,-0.23328854407545518,4,0.9350162426854148,-0.35460488704253545,0,115.94549560546875,10.298368453979492,72.0407485961914,0.036659855395555496,0.036659855395555496,0.036659855395555496,0.16488924622535706,0.16488924622535706,0.16488924622535706,61.8205132484436,76.54428411250944,44.64646498362223,61.760485073836044,0.036659855395555496,0.0,0.036659855395555496,0.0,0.16488924622535706,0.0,0.16488924622535706,0.0
12.056004524230957,0.036659855395555496,0.16488924622535706,2025-04-16,Amatitlan,14.468,-90.582,12.056004524230957,AM_P2,0,0.9682507501166718,-0.2499809690726521,4,0.9350162426854148,-0.35460488704253545,0,7.695530891418457,115.94549560546875,10.298368453979492,0.036659855395555496,0.036659855395555496,0.036659855395555496,0.16488924622535706,0.16488924622535706,0.16488924622535706,9.875767707824707,3.0833204749468583,45.232343673706055,61.2781839211071,0.036659855395555496,0.0,0.036659855395555496,0.0,0.16488924622535706,0.0,0.16488924622535706,0.0
9.616968154907227,-0.06814583390951157,0.25944584608078003,2025-04-28,Amatitlan,14.468,-90.582,5.631218433380127,AM_P2,1,0.8964562582905575,-0.44313223418263453,4,0.8229838658936565,-0.5680647467311557,0,12.056004524230957,7.695530891418457,115.94549560546875,0.036659855395555496,0.036659855395555496,0.036659855395555496,0.16488924622535706,0.16488924622535706,0.16488924622535706,8.843611478805542,4.543009812513632,8.460917949676514,3.28006586671776,-0.015742989256978035,0.07410881361454334,0.0017246256271998088,0.06050959293288475,0.21216754615306854,0.0668616129637125,0.1964081128438314,0.05459227838018418
5.662525653839111,-0.08289244025945663,0.22734026610851288,2025-05-03,Amatitlan,14.468,-90.582,9.616968154907227,AM_P2,1,0.8550745085896932,-0.518505144391157,5,0.8229838658936565,-0.5680647467311557,1,5.631218433380127,12.056004524230957,7.695530891418457,-0.06814583390951157,0.036659855395555496,0.036659855395555496,0.25944584608078003,0.16488924622535706,0.16488924622535706,7.624093294143677,2.8183506562042058,9.101397037506104,3.243274465893836,-0.0755191370844841,0.01042742534953476,-0.038126139591137566,0.06518492451727101,0.24339305609464645,0.02270207331231711,0.21722511947155,0.04808299894630211
6.841046333312988,-0.0030211242847144604,0.1957758069038391,2025-05-13,Amatitlan,14.468,-90.582,5.662525653839111,AM_P2,1,0.753697664392914,-0.6572212950663319,5,0.6631226582407952,-0.7485107481711012,1,9.616968154907227,5.631218433380127,12.056004524230957,-0.08289244025945663,-0.06814583390951157,0.036659855395555496,0.22734026610851288,0.25944584608078003,0.16488924622535706,7.639746904373169,2.7962131083175557,6.970237414042155,2.2921895092882147,-0.04295678227208555,0.05647754914803361,-0.05135313281789422,0.04250121041039396,0.211558036506176,0.02231944314811096,0.22752063969771066,0.03183540282723084
6.841046333312988,-0.0030211242847144604,0.1957758069038391,2025-05-28,Amatitlan,14.468,-90.582,6.841046333312988,AM_P2,0,0.5610336262283677,-0.8277930117131022,5,0.46472317204376906,-0.8854560256532096,1,5.662525653839111,9.616968154907227,5.631218433380127,-0.0030211242847144604,-0.08289244025945663,-0.06814583390951157,0.1957758069038391,0.22734026610851288,0.25944584608078003,6.25178599357605,0.833339964224556,7.373513380686442,2.03028193632437,-0.0030211242847144604,0.0,-0.029644896276295185,0.04611372577854704,0.1957758069038391,0.0,0.20629729330539703,0.018223749018643334
7.793612003326416,0.8215102553367615,-0.7289314270019531,2025-02-10,Atitlan,14.642,-91.168,123.4531021118164,AT_P1,0,0.6482618097757122,0.7614175109532997,2,0.7485107481711011,0.6631226582407953,0,,,,,,,,,,123.4531021118164,,123.4531021118164,,0.8215102553367615,,0.8215102553367615,,-0.7289314270019531,,-0.7289314270019531,
7.793612003326416,0.8215102553367615,-0.7289314270019531,2025-03-02,Atitlan,14.642,-91.168,24.00528907775879,AT_P1,0,0.8670985522812081,0.4981366284784055,3,0.8854560256532099,0.4647231720437686,0,123.4531021118164,,,0.8215102553367615,,,-0.7289314270019531,,,73.7291955947876,70.32022297055407,73.7291955947876,70.32022297055407,0.8215102553367615,0.0,0.8215102553367615,0.0,-0.7289314270019531,0.0,-0.7289314270019531,0.0
7.793612003326416,0.8215102553367615,-0.7289314270019531,2025-03-07,Atitlan,14.642,-91.168,40.273319244384766,AT_P1,0,0.9066860720977985,0.4218060770826634,3,0.9350162426854148,0.35460488704253557,0,24.00528907775879,123.4531021118164,,0.8215102553367615,0.8215102553367615,,-0.7289314270019531,-0.7289314270019531,,32.13930416107178,11.503234447368548,62.577236811319985,53.343841569938526,0.8215102553367615,0.0,0.8215102553367615,0.0,-0.7289314270019531,0.0,-0.7289314270019531,0.0
7.793612003326416,0.8215102553367615,-0.7289314270019531,2025-03-19,Atitlan,14.642,-91.168,93.25332641601562,AT_P1,0,0.9738922359149924,0.22701082094141847,3,0.992708874098054,0.120536680255323,0,40.273319244384766,24.00528907775879,123.4531021118164,0.8215102553367615,0.8215102553367615,0.8215102553367615,-0.7289314270019531,-0.7289314270019531,-0.7289314270019531,66.7633228302002,37.4625223383721,52.51064491271973,36.20962266352441,0.8215102553367615,0.0,0.8215102553367615,0.0,-0.7289314270019531,0.0,-0.7289314270019531,0.0
7.793612003326416,0.8215102553367615,-0.7289314270019531,2025-04-03,Atitlan,14.642,-91.168,50.81650161743164,AT_P1,1,0.9995786855478958,-0.029025013321975237,4,0.992708874098054,-0.12053668025532288,0,93.25332641601562,40.273319244384766,24.00528907775879,0.8215102553367615,0.8215102553367615,0.8215102553367615,-0.7289314270019531,-0.7289314270019531,-0.7289314270019531,72.03491401672363,30.00736658710418,61.447715759277344,28.04438135480705,0.8215102553367615,0.0,0.8215102553367615,0.0,-0.7289314270019531,0.0,-0.7289314270019531,0.0
7.793612003326416,0.8215102553367615,-0.7289314270019531,2025-04-11,Atitlan,14.642,-91.168,7.793612003326416,AT_P1,0,0.986146248341595,-0.16587819893463143,4,0.9709418174260521,-0.2393156642875575,0,50.81650161743164,93.25332641601562,40.273319244384766,0.8215102553367615,0.8215102553367615,0.8215102553367615,-0.7289314270019531,-0.7289314270019531,-0.7289314270019531,29.30505681037903,30.42177699237409,50.62114667892456,42.730192130841154,0.8215102553367615,0.0,0.8215102553367615,0.0,-0.7289314270019531,0.0,-0.7289314270019531,0.0
70.4062728881836,0.8215102553367615,-0.7289314270019531,2025-04-15,Atitlan,14.642,-91.168,95.12369537353516,AT_P1,1,0.9724075561219968,-0.23328854407545518,4,0.9350162426854148,-0.35460488704253545,0,7.793612003326416,50.81650161743164,93.25332641601562,0.8215102553367615,0.8215102553367615,0.8215102553367615,-0.7289314270019531,-0.7289314270019531,-0.7289314270019531,51.458653688430786,61.751694152661145,51.24460299809774,43.66661560570041,0.8215102553367615,0.0,0.8215102553367615,0.0,-0.7289314270019531,0.0,-0.7289314270019531,0.0
70.4062728881836,0.8215102553367615,-0.7289314270019531,2025-04-16,Atitlan,14.642,-91.168,70.4062728881836,AT_P1,0,0.9682507501166718,-0.2499809690726521,4,0.9350162426854148,-0.35460488704253545,0,95.12369537353516,7.793612003326416,50.81650161743164,0.8215102553367615,0.8215102553367615,0.8215102553367615,-0.7289314270019531,-0.7289314270019531,-0.7289314270019531,82.76498413085938,17.477857052844936,57.77452675501505,45.01451569373502,0.8215102553367615,0.0,0.8215102553367615,0.0,-0.7289314270019531,0.0,-0.7289314270019531,0.0
80.45756530761719,0.8282623291015625,-0.7067115306854248,2025-04-28,Atitlan,14.642,-91.168,75.3159408569336,AT_P1,1,0.8964562582905575,-0.44313223418263453,4,0.8229838658936565,-0.5680647467311557,0,70.4062728881836,95.12369537353516,7.793612003326416,0.8215102553367615,0.8215102553367615,0.8215102553367615,-0.7289314270019531,-0.7289314270019531,-0.7289314270019531,72.8611068725586,3.4716595140775075,80.28196970621745,13.08563431702035,0.824886292219162,0.004774437146162587,0.8237609465916952,0.003898311605696066,-0.717821478843689,0.015711839362679163,-0.7215247948964437,0.012828663119713216
80.45756530761719,0.8282623291015625,-0.7067115306854248,2025-05-03,Atitlan,14.642,-91.168,80.45756530761719,AT_P1,0,0.8550745085896932,-0.518505144391157,5,0.8229838658936565,-0.5680647467311557,1,75.3159408569336,70.4062728881836,95.12369537353516,0.8282623291015625,0.8215102553367615,0.8215102553367615,-0.7067115306854248,-0.7289314270019531,-0.7289314270019531,77.88675308227539,3.6356775153929264,75.3932596842448,5.026092266963834,0.8282623291015625,0.0,0.8260116378466288,0.003898311605696066,-0.7067115306854248,0.0,-0.7141181627909342,0.012828663119713216
27.163042068481445,0.8282623291015625,-0.7067115306854248,2025-05-28,Atitlan,14.642,-91.168,94.04820251464844,AT_P1,1,0.5610336262283677,-0.8277930117131022,5,0.46472317204376906,-0.8854560256532096,1,80.45756530761719,75.3159408569336,70.4062728881836,0.8282623291015625,0.8282623291015625,0.8215102553367615,-0.7067115306854248,-0.7067115306854248,-0.7289314270019531,87.25288391113281,9.610031729737997,83.2739028930664,9.678492896607619,0.8282623291015625,0.0,0.8282623291015625,0.0,-0.7067115306854248,0.0,-0.7067115306854248,0.0
27.163042068481445,0.8282623291015625,-0.7067115306854248,2025-07-10,Atitlan,14.642,-91.168,27.163042068481445,AT_P1,0,-0.1435724234118113,-0.9896398128792412,7,-0.23931566428755743,-0.9709418174260521,1,94.04820251464844,80.45756530761719,75.3159408569336,0.8282623291015625,0.8282623291015625,0.8282623291015625,-0.7067115306854248,-0.7067115306854248,-0.7067115306854248,60.60562229156494,47.29495051223493,67.22293663024902,35.3521246765769,0.8282623291015625,0.0,0.8282623291015625,0.0,-0.7067115306854248,0.0,-0.7067115306854248,0.0
27.163042068481445,0.8282623291015625,-0.7067115306854248,2025-07-20,Atitlan,14.642,-91.168,80.64582824707031,AT_P1,0,-0.3108569682435036,-0.9504567035349151,7,-0.3546048870425356,-0.9350162426854148,1,27.163042068481445,94.04820251464844,80.45756530761719,0.8282623291015625,0.8282623291015625,0.8282623291015625,-0.7067115306854248,-0.7067115306854248,-0.7067115306854248,53.90443515777588,37.818040783630344,67.28569094340007,35.38751366735259,0.8282623291015625,0.0,0.8282623291015625,0.0,-0.7067115306854248,0.0,-0.7067115306854248,0.0
134.07070922851562,0.869125247001648,-0.7587811946868896,2025-08-01,Atitlan,14.642,-91.168,90.36506652832031,AT_P1,1,-0.4990686026885319,-0.8665624788845385,8,-0.5680647467311556,-0.8229838658936566,1,80.64582824707031,27.163042068481445,94.04820251464844,0.8282623291015625,0.8282623291015625,0.8282623291015625,-0.7067115306854248,-0.7067115306854248,-0.7067115306854248,85.50544738769531,6.87253929663976,66.05797894795735,34.03274870379618,0.8486937880516052,0.028894446346219578,0.8418833017349243,0.02359221664948791,-0.7327463626861572,0.03681881250954085,-0.7240680853525797,0.03006243452785911
4.7285661697387695,-0.15646257996559143,0.545787513256073,2025-02-10,Atitlan,14.701,-91.21,6.054378986358643,AT_P2,0,0.6482618097757122,0.7614175109532997,2,0.7485107481711011,0.6631226582407953,0,,,,,,,,,,6.054378986358643,,6.054378986358643,,-0.15646257996559143,,-0.15646257996559143,,0.545787513256073,,0.545787513256073,
4.7285661697387695,-0.15646257996559143,0.545787513256073,2025-03-02,Atitlan,14.701,-91.21,3.453890085220337,AT_P2,0,0.8670985522812081,0.4981366284784055,3,0.8854560256532099,0.4647231720437686,0,6.054378986358643,,,-0.15646257996559143,,,0.545787513256073,,,4.75413453578949,1.8388233363952493,4.75413453578949,1.8388233363952493,-0.15646257996559143,0.0,-0.15646257996559143,0.0,0.545787513256073,0.0,0.545787513256073,0.0
4.7285661697387695,-0.15646257996559143,0.545787513256073,2025-03-07,Atitlan,14.701,-91.21,4.563126564025879,AT_P2,0,0.9066860720977985,0.4218060770826634,3,0.9350162426854148,0.35460488704253557,0,3.453890085220337,6.054378986358643,,-0.15646257996559143,-0.15646257996559143,,0.545787513256073,0.545787513256073,,4.008508324623108,0.7843486361028869,4.690465211868286,1.3049126329611602,-0.15646257996559143,0.0,-0.15646257996559143,0.0,0.545787513256073,0.0,0.545787513256073,0.0
4.7285661697387695,-0.15646257996559143,0.545787513256073,2025-03-12,Atitlan,14.701,-91.21,2.7410879135131836,AT_P2,0,0.9395699859530622,0.342356891994542,3,0.970941817426052,0.23931566428755804,0,4.563126564025879,3.453890085220337,6.054378986358643,-0.15646257996559143,-0.15646257996559143,-0.15646257996559143,0.545787513256073,0.545787513256073,0.545787513256073,3.6521072387695312,1.2883758853615128,3.5860348542531333,0.9181791170450238,-0.15646257996559143,0.0,-0.15646257996559143,0.0,0.545787513256073,0.0,0.545787513256073,0.0
4.7285661697387695,-0.15646257996559143,0.545787513256073,2025-03-19,Atitlan,14.701,-91.21,3.2842319011688232,AT_P2,0,0.9738922359149924,0.22701082094141847,3,0.992708874098054,0.120536680255323,0,2.7410879135131836,4.563126564025879,3.453890085220337,-0.15646257996559143,-0.15646257996559143,-0.15646257996559143,0.545787513256073,0.545787513256073,0.545787513256073,3.0126599073410034,0.3840607968320053,3.529482126235962,0.9354501406607103,-0.15646257996559143,0.0,-0.15646257996559143,0.0,0.545787513256073,0.0,0.545787513256073,0.0
4.7285661697387695,-0.15646257996559143,0.545787513256073,2025-03-26,Atitlan,14.701,-91.21,3.3175017833709717,AT_P2,0,0.9941098647022418,0.10837701279187609,3,1.0,-1.6081226496766366e-16,0,3.2842319011688232,2.7410879135131836,4.563126564025879,-0.15646257996559143,-0.15646257996559143,-0.15646257996559143,0.545787513256073,0.545787513256073,0.545787513256073,3.3008668422698975,0.023525359314416787,3.1142738660176597,0.3236163432607213,-0.15646257996559143,0.0,-0.15646257996559143,0.0,0.545787513256073,0.0,0.545787513256073,0.0
4.142846584320068,-0.15646257996559143,0.545787513256073,2025-04-03,Atitlan,14.701,-91.21,4.7285661697387695,AT_P2,0,0.9995786855478958,-0.029025013321975237,4,0.992708874098054,-0.12053668025532288,0,3.3175017833709717,3.2842319011688232,2.7410879135131836,-0.15646257996559143,-0.15646257996559143,-0.15646257996559143,0.545787513256073,0.545787513256073,0.545787513256073,4.023033976554871,0.9977731962915044,3.776766618092855,0.8244504297715293,-0.15646257996559143,0.0,-0.15646257996559143,0.0,0.545787513256073,0.0,0.545787513256073,0.0
4.142846584320068,-0.15646257996559143,0.545787513256073,2025-04-11,Atitlan,14.701,-91.21,4.142846584320068,AT_P2,0,0.986146248341595,-0.16587819893463143,4,0.9709418174260521,-0.2393156642875575,0,4.7285661697387695,3.3175017833709717,3.2842319011688232,-0.15646257996559143,-0.15646257996559143,-0.15646257996559143,0.545787513256073,0.545787513256073,0.545787513256073,4.435706377029419,0.4141662907233369,4.0629715124766035,0.7089151542641626,-0.15646257996559143,0.0,-0.15646257996559143,0.0,0.545787513256073,0.0,0.545787513256073,0.0
2.703275680541992,-0.15646257996559143,0.545787513256073,2025-04-15,Atitlan,14.701,-91.21,4.2302093505859375,AT_P2,0,0.9724075561219968,-0.23328854407545518,4,0.9350162426854148,-0.35460488704253545,0,4.142846584320068,4.7285661697387695,3.3175017833709717,-0.15646257996559143,-0.15646257996559143,-0.15646257996559143,0.545787513256073,0.545787513256073,0.545787513256073,4.186527967453003,0.06177480444981143,4.367207368214925,0.31597974747041596,-0.15646257996559143,0.0,-0.15646257996559143,0.0,0.545787513256073,0.0,0.545787513256073,0.0
2.703275680541992,-0.15646257996559143,0.545787513256073,2025-04-16,Atitlan,14.701,-91.21,2.703275680541992,AT_P2,0,0.9682507501166718,-0.2499809690726521,4,0.9350162426854148,-0.35460488704253545,0,4.2302093505859375,4.142846584320068,4.7285661697387695,-0.15646257996559143,-0.15646257996559143,-0.15646257996559143,0.545787513256073,0.545787513256073,0.545787513256073,3.466742515563965,1.079705152510136,3.692110538482666,0.8574694428615637,-0.15646257996559143,0.0,-0.15646257996559143,0.0,0.545787513256073,0.0,0.545787513256073,0.0
5.0876641273498535,-0.15517239272594452,0.5625,2025-04-28,Atitlan,14.701,-91.21,4.071000099182129,AT_P2,1,0.8964562582905575,-0.44313223418263453,4,0.8229838658936565,-0.5680647467311557,0,2.703275680541992,4.2302093505859375,4.142846584320068,-0.15646257996559143,-0.15646257996559143,-0.15646257996559143,0.545787513256073,0.545787513256073,0.545787513256073,3.3871378898620605,0.9671272112148691,3.668161710103353,0.8393990016465085,-0.15581748634576797,0.0009123001461546845,-0.1560325175523758,0.0007448899501151646,0.5541437566280365,0.011817512707121067,0.5513583421707153,0.009648958720434307
5.0876641273498535,-0.15517239272594452,0.5625,2025-05-03,Atitlan,14.701,-91.21,5.0876641273498535,AT_P2,0,0.8550745085896932,-0.518505144391157,5,0.8229838658936565,-0.5680647467311557,1,4.071000099182129,2.703275680541992,4.2302093505859375,-0.15517239272594452,-0.15646257996559143,-0.15646257996559143,0.5625,0.545787513256073,0.545787513256073,4.579332113265991,0.7188900285058293,3.953979969024658,1.1964937732659766,-0.15517239272594452,0.0,-0.15560245513916016,0.0007448899501151646,0.5625,0.0,0.5569291710853577,0.009648958720434307
4.517274379730225,-0.15517239272594452,0.5625,2025-05-28,Atitlan,14.701,-91.21,3.5455589294433594,AT_P2,0,0.5610336262283677,-0.8277930117131022,5,0.46472317204376906,-0.8854560256532096,1,5.0876641273498535,4.071000099182129,2.703275680541992,-0.15517239272594452,-0.15517239272594452,-0.15646257996559143,0.5625,0.5625,0.545787513256073,4.3166115283966064,1.090433042742705,4.23474105199178,0.7839836956677197,-0.15517239272594452,0.0,-0.15517239272594452,0.0,0.5625,0.0,0.5625,0.0
4.517274379730225,-0.15517239272594452,0.5625,2025-07-10,Atitlan,14.701,-91.21,4.517274379730225,AT_P2,0,-0.1435724234118113,-0.9896398128792412,7,-0.23931566428755743,-0.9709418174260521,1,3.5455589294433594,5.0876641273498535,4.071000099182129,-0.15517239272594452,-0.15517239272594452,-0.15517239272594452,0.5625,0.5625,0.5625,4.031416654586792,0.6871065842815819,4.3834991455078125,0.7797076184833661,-0.15517239272594452,0.0,-0.15517239272594452,0.0,0.5625,0.0,0.5625,0.0
4.517274379730225,-0.15517239272594452,0.5625,2025-07-20,Atitlan,14.701,-91.21,4.397731781005859,AT_P2,0,-0.3108569682435036,-0.9504567035349151,7,-0.3546048870425356,-0.9350162426854148,1,4.517274379730225,3.5455589294433594,5.0876641273498535,-0.15517239272594452,-0.15517239272594452,-0.15517239272594452,0.5625,0.5625,0.5625,4.457503080368042,0.08452938219866098,4.153521696726481,0.5298930581064037,-0.15517239272594452,0.0,-0.15517239272594452,0.0,0.5625,0.0,0.5625,0.0
4.185762882232666,0.04504508525133133,0.17339666187763214,2025-08-01,Atitlan,14.701,-91.21,4.5662841796875,AT_P2,0,-0.4990686026885319,-0.8665624788845385,8,-0.5680647467311556,-0.8229838658936566,1,4.397731781005859,4.517274379730225,3.5455589294433594,-0.15517239272594452,-0.15517239272594452,-0.15517239272594452,0.5625,0.5625,0.5625,4.48200798034668,0.11918454409304657,4.493763446807861,0.0867009270451759,-0.055063653737306595,0.1415751363898,-0.0884332334001859,0.11559561480664818,0.36794833093881607,0.27513760896864836,0.43279888729254407,0.22464891700753103
